{
  "force": {
    "x": 0.4084617434763262,
    "y": -0.32837829925010165,
    "z": -0.4836760596726644
  },
  "torque": {
    "x": 0.008007542247804108,
    "y": 0.0062162224583735375,
    "z": 0.011749596709207359
  }
}