{
  "header": {
    "seq": 95996,
    "stamp": {
      "secs": 1680678272,
      "nsecs": 869402090
    },
    "frame_id": ""
  },
  "name": [
    "elbow_joint",
    "shoulder_lift_joint",
    "shoulder_pan_joint",
    "wrist_1_joint",
    "wrist_2_joint",
    "wrist_3_joint"
  ],
  "position": [
    1.4713166395770472,
    -1.2866805356791993,
    0.15213727951049805,
    -1.7525221310057582,
    -1.5721004644977015,
    -3.6952675024615687
  ],
  "velocity": [
    -0.0,
    0.0,
    0.0,
    0.0,
    0.0,
    0.0
  ],
  "effort": [
    -5.010241508483887,
    -6.554687023162842,
    -0.028001820668578148,
    -0.5931609869003296,
    0.0007659976836293936,
    -0.05503077059984207
  ]
}